{
    "etf": {
        "model_type": "merton",
        "mu_base": 0.19966760714247153,
        "sigma_base": 0.35848702631305446,
        "lambda_base": 2.0826446280991737,
        "mJ_base": 0.010162777519047254,
        "sigmaJ_base": 0.12118625116561746,
        "k_avg_base": 0.017659956368001106
    },
    "gbi": {
        "model_type": "gbm",
        "mu_base": 0.05091672951048141,
        "sigma_base": 0.00738956376839265
    },
    "cea": {
        "model_type": "merton",
        "mu_base": 0.9541244468964812,
        "sigma_base": 0.596555388583774,
        "lambda_base": 7.289256198347108,
        "mJ_base": 0.04563526127053167,
        "sigmaJ_base": 0.2839182738719438,
        "k_avg_base": 0.08974100115777461
    }
}